baseball team seattle mariners oakland athletics microsoft baseball 2001 houston astros sports team seattle seattle pilots professional sports team super professional baseball ii baseball.baseball_historical_managerial_position.team baseball.baseball_historical_managerial_position.team baseball.baseball_historical_managerial_position.team baseball.baseball_historical_managerial_position.team baseball.baseball_historical_managerial_position.team baseball.baseball_historical_managerial_position.team baseball.baseball_historical_managerial_position.team baseball.baseball_historical_managerial_position.team baseball.baseball_historical_managerial_position.team baseball.baseball_historical_managerial_position.team