josh romney g. scott romney craig romney matt romney ben romney milton romney lenore romney gaskell romney mitt romney george w. romney location.mailing_address.state_province_region base.locations.states_and_provences.country base.locations.states_and_provences.country base.locations.countries.states_provinces_within base.locations.countries.states_provinces_within location.hud_county_place.place location.hud_county_place.place location.hud_county_place.place location.hud_county_place.place location.hud_county_place.place