g. scott romney craig romney milton romney george w. romney josh romney gaskell romney harvard university ben romney stanford university matt romney education.educational_institution.students_graduates education.educational_institution.students_graduates education.educational_institution.campuses education.educational_institution.campuses education.educational_institution.campuses education.educational_institution.campuses education.educational_institution.campuses education.educational_institution.campuses education.education.degree education.education.degree