leland_chapman.jpg leland blaine chapman tim chapman duane lee chapman, ii cecily chapman people.place_lived.location people.place_lived.location people.place_lived.location people.place_lived.location people.place_lived.location