ray allen john allen wynstan ryan allen walter ray allen iii ray allen 2008-01-13 kim allen ray allen february 14th, 2006 martin short, ray allen, the kooks walter allen, sr. lloyd allen wynn allen tierra allen walker allen flora allen allan houston sports.sport.positions sports.sports_position.sport sports.sports_team_roster.position sports.sports_team_roster.position sports.sports_team_roster.position sports.sports_team_roster.position basketball.basketball_player.position_s basketball.basketball_player.position_s basketball.basketball_player.position_s basketball.basketball_player.position_s tv.tv_guest_role.episodes_appeared_in tv.tv_guest_role.episodes_appeared_in tv.tv_guest_role.actor tv.tv_guest_role.actor people.person.place_of_birth