samuel ameen samuel m. comer john marshall clemens william conselman langdon clemens base.semanticnames.person_with_name.names base.semanticnames.person_with_name.names base.semanticnames.person_with_name.names base.semanticnames.person_with_name.names base.semanticnames.person_with_name.names